Abbreviation,Calling Code,Capital/Major City,Country,Currency-Code,Largest city,Official language,Agricultural Land( %),Armed Forces size,Birth Rate,Co2-Emissions,CPI,CPI Change (%),Density (P/Km2),Fertility Rate,Forested Area (%),Gasoline Price,GDP,Gross primary education enrollment (%),Gross tertiary education enrollment (%),Infant mortality,Land Area(Km2),Latitude,Life expectancy,Longitude,Maternal mortality ratio,Minimum wage,Out of pocket health expenditure,Physicians per thousand,Population,Population: Labor force participation (%),Tax revenue (%),Total tax rate,Unemployment rate,Urban population
AF,93,Kabul,Afghanistan,AFN,Kabul,Pashto,0.581,323000,32.49,8672,149.9,0.023,60,4.47,0.021,0.7,19101353833,1.04,0.097,47.9,652230,33.93911,64.5,67.709953,638,0.43,0.784,0.28,38041754,0.489,0.093,0.714,0.1112,9797273
AL,355,Tirana,Albania,ALL,Tirana,Albanian,0.431,9000,11.78,4536,119.05,0.014,105,1.62,0.281,1.36,15278077447,1.07,0.55,7.8,28748,41.153332,78.5,20.168331,15,1.12,0.569,1.2,2854191,0.557,0.186,0.366,0.1233,1747593
DZ,213,Algiers,Algeria,DZD,Algiers,Arabic,0.174,317000,24.28,150006,151.36,0.02,18,3.02,0.008,0.28,169988236398,1.099,0.514,20.1,2381741,28.033886,76.7,1.659626,112,0.95,0.281,1.72,43053054,0.412,0.372,0.661,0.117,31510100
AD,376,Andorra la Vella,Andorra,EUR,Andorra la Vella,Catalan,0.4,,7.2,469,,,164,1.27,0.34,1.51,3154057987,1.064,,2.7,468,42.506285,,1.521801,,6.63,0.364,3.33,77142,,,,,67873
AO,244,Luanda,Angola,AOA,Luanda,Portuguese,0.475,117000,40.73,34693,261.73,0.171,26,5.52,0.463,0.97,94635415870,1.135,0.093,51.6,1246700,-11.202692,60.8,17.873887,241,0.71,0.334,0.21,31825295,0.775,0.092,0.491,0.0689,21061025
AG,1,"St. John's, Saint John",Antigua and Barbuda,XCD,"St. John's, Saint John",English,0.205,0,15.33,557,113.81,0.012,223,1.99,0.223,0.99,1727759259,1.05,0.248,5,443,17.060816,76.9,-61.796428,42,3.04,0.243,2.76,97118,,0.165,0.43,,23800
AR,54,Buenos Aires,Argentina,ARS,Buenos Aires,Spanish,0.543,105000,17.02,201348,232.75,0.535,17,2.26,0.098,1.1,449663446954,1.097,0.9,8.8,2780400,-38.416097,76.5,-63.616672,39,3.35,0.176,3.96,44938712,0.613,0.101,1.063,0.0979,41339571
AM,374,Yerevan,Armenia,AMD,Yerevan,Armenian,0.589,49000,13.99,5156,129.18,0.014,104,1.76,0.117,0.77,13672802158,0.927,0.546,11,29743,40.069099,74.9,45.038189,26,0.66,0.816,4.4,2957731,0.556,0.209,0.226,0.1699,1869848
AU,61,Canberra,Australia,AUD,Sydney,None,0.482,58000,12.6,375908,119.8,0.016,3,1.74,0.163,0.93,1392680589329,1.003,1.131,3.1,7741220,-25.274398,82.7,133.775136,6,13.59,0.196,3.68,25766605,0.655,0.23,0.474,0.0527,21844756
AT,43,Vienna,Austria,EUR,Vienna,German,0.324,21000,9.7,61448,118.06,0.015,109,1.47,0.469,1.2,446314739528,1.031,0.851,2.9,83871,47.516231,81.6,14.550072,5,,0.179,5.17,8877067,0.607,0.254,0.514,0.0467,5194416
AZ,994,Baku,Azerbaijan,AZN,Baku,Azerbaijani language,0.577,82000,14,37620,156.32,0.026,123,1.73,0.141,0.56,39207000000,0.997,0.277,19.2,86600,40.143105,72.9,47.576927,26,0.47,0.786,3.45,10023318,0.665,0.13,0.407,0.0551,5616165
BS,1,"Nassau, Bahamas",The Bahamas,,"Nassau, Bahamas",English,0.014,1000,13.97,1786,116.22,0.025,39,1.75,0.514,0.92,12827000000,0.814,0.151,8.3,13880,25.03428,73.8,-77.39628,70,5.25,0.278,1.94,389482,0.746,0.148,0.338,0.1036,323784
BH,973,Manama,Bahrain,BHD,Riffa,Arabic,0.111,19000,13.99,31694,117.59,0.021,2239,1.99,0.008,0.43,38574069149,0.994,0.505,6.1,765,26.0667,77.2,50.5577,14,,0.251,0.93,1501635,0.734,0.042,0.138,0.0071,1467109
BD,880,Dhaka,Bangladesh,BDT,Dhaka,Bengali,0.706,221000,18.18,84246,179.68,0.056,1265,2.04,0.11,1.12,302571254131,1.165,0.206,25.1,148460,23.684994,72.3,90.356331,173,0.51,0.718,0.58,167310838,0.59,0.088,0.334,0.0419,60987417
BB,1,Bridgetown,Barbados,BBD,Bridgetown,English,0.233,1000,10.65,1276,134.09,0.041,668,1.62,0.147,1.81,5209000000,0.994,0.654,11.3,430,13.193887,79.1,-59.543198,27,3.13,0.452,2.48,287025,0.652,0.275,0.356,0.1033,89431
BY,375,Minsk,Belarus,BYN,Minsk,Russian,0.42,155000,9.9,58280,,0.056,47,1.45,0.426,0.6,63080457023,1.005,0.874,2.6,207600,53.709807,74.2,27.953389,2,1.49,0.345,5.19,9466856,0.641,0.147,0.533,0.0459,7482982
BE,32,City of Brussels,Belgium,EUR,Brussels,French,0.446,32000,10.3,96889,117.11,0.014,383,1.62,0.226,1.43,529606710418,1.039,0.797,2.9,30528,50.503887,81.6,4.469936,5,10.31,0.176,3.07,11484055,0.536,0.24,0.554,0.0559,11259082
BZ,501,Belmopan,Belize,BZD,Belize City,English,0.07,2000,20.79,568,105.68,-0.009,17,2.31,0.597,1.13,1879613600,1.117,0.247,11.2,22966,17.189877,74.5,-88.49765,36,1.65,0.227,1.12,390353,0.651,0.263,0.311,0.0641,179039
BJ,229,Porto-Novo,Benin,XOF,Cotonou,French,0.333,12000,36.22,6476,110.71,-0.009,108,4.84,0.378,0.72,14390709095,1.22,0.123,60.5,112622,9.30769,61.5,2.315834,397,0.39,0.405,0.08,11801151,0.709,0.108,0.489,0.0223,5648149
BT,975,Thimphu,Bhutan,,Thimphu,Dzongkha,0.136,6000,17.26,1261,167.18,0.027,20,1.98,0.725,0.98,2446674101,1.001,0.156,24.8,38394,27.514162,71.5,90.433601,183,0.32,0.198,0.42,727145,0.667,0.16,0.353,0.0234,317538
BO,591,Sucre,Bolivia,BOB,Santa Cruz de la Sierra,Spanish,0.348,71000,21.75,21606,148.32,0.018,11,2.73,0.503,0.71,40895322865,0.982,,21.8,1098581,-16.290154,71.2,-63.588653,155,1.36,0.259,1.59,11513100,0.718,0.17,0.837,0.035,8033035
BA,387,Sarajevo,Bosnia and Herzegovina,BAM,Tuzla Canton,Bosnian,0.431,11000,8.11,21848,104.9,0.006,64,1.27,0.427,1.05,20047848435,,0.233,5,51197,43.915886,77.3,17.679076,10,1.04,0.286,2.16,3301000,0.464,0.204,0.237,0.1842,1605144
BW,267,Gaborone,Botswana,BWP,Gaborone,English,0.456,9000,24.82,6340,149.75,0.028,4,2.87,0.189,0.71,18340510789,1.032,0.249,30,581730,-22.328474,69.3,24.684866,144,0.29,0.053,0.37,2346179,0.708,0.195,0.251,0.1819,1616550
BR,55,Bras���,Brazil,BRL,S����,Portuguese,0.339,730000,13.92,462299,167.4,0.037,25,1.73,0.589,1.02,1839758040766,1.154,0.513,12.8,8515770,-14.235004,75.7,-51.92528,60,1.53,0.283,2.15,212559417,0.639,0.142,0.651,0.1208,183241641
BN,673,Bandar Seri Begawan,Brunei,BND,,Malay,0.027,8000,14.9,7664,99.03,-0.004,83,1.85,0.721,0.37,13469422941,1.032,0.314,9.8,5765,4.535277,75.7,114.727669,31,,0.06,1.61,433285,0.647,,0.08,0.0912,337711
BG,359,Sofia,Bulgaria,BGN,Sofia,Bulgarian,0.463,31000,8.9,41708,114.42,0.031,64,1.56,0.354,1.11,86000000000,0.893,0.71,5.9,110879,42.733883,74.9,25.48583,10,1.57,0.477,4.03,6975761,0.554,0.202,0.283,0.0434,5256027
BF,226,Ouagadougou,Burkina Faso,XOF,Ouagadougou,French,0.442,11000,37.93,3418,106.58,-0.032,76,5.19,0.193,0.98,15745810235,0.961,0.065,49,274200,12.238333,61.2,-1.561593,320,0.34,0.361,0.08,20321378,0.664,0.15,0.413,0.0626,6092349
BI,257,Bujumbura,Burundi,BIF,Bujumbura,Kirundi,0.792,31000,39.01,495,182.11,-0.007,463,5.41,0.109,1.21,3012334882,1.214,0.061,41,27830,-3.373056,61.2,29.918886,548,,0.191,0.1,11530580,0.792,0.136,0.412,0.0143,1541177
CI,225,Yamoussoukro,Ivory Coast,XOF,Abidjan,French,0.648,27000,35.74,9674,111.61,-0.009,83,4.65,0.327,0.93,58792205642,0.998,0.093,59.4,322463,7.539989,57.4,-5.54708,617,0.36,0.36,0.23,25716544,0.57,0.118,0.501,0.0332,13176900
CV,238,Praia,Cape Verde,CVE,Praia,Portuguese,0.196,1000,19.49,543,110.5,0.011,138,2.27,0.225,1.02,1981845741,1.04,0.236,16.7,4033,16.5388,72.8,-23.0418,58,0.68,0.232,0.77,483628,0.605,0.201,0.375,0.1225,364029
KH,855,Phnom Penh,Cambodia,,Phnom Penh,Khmer language,0.309,191000,22.46,9919,127.63,0.025,95,2.5,0.529,0.9,27089389787,1.074,0.137,24,181035,12.565679,69.6,104.990963,160,,0.594,0.17,16486542,0.823,0.171,0.231,0.0068,3924621
CM,237,Yaound�,Cameroon,XAF,Douala,French,0.206,24000,35.39,8291,118.65,0.025,56,4.57,0.393,1.03,38760467033,1.034,0.128,50.6,475440,7.369722,58.9,12.354722,529,0.35,0.697,0.09,25876380,0.761,0.128,0.577,0.0338,14741256
CA,1,Ottawa,Canada,CAD,Toronto,French,0.069,72000,10.1,544894,116.76,0.019,4,1.5,0.382,0.81,1736425629520,1.009,0.689,4.3,9984670,56.130366,81.9,-106.346771,10,9.51,0.146,2.61,36991981,0.651,0.128,0.245,0.0556,30628482
CF,236,Bangui,Central African Rep,,Bangui,French,0.082,8000,35.35,297,186.86,0.371,8,4.72,0.356,1.41,2220307369,1.02,0.03,84.5,622984,6.611111,52.8,20.939444,829,0.37,0.396,0.06,4745185,0.72,0.086,0.733,0.0368,1982064
TD,235,N'Djamena,Chad,XAF,N'Djamena,French,0.397,35000,42.17,1016,117.7,-0.01,13,5.75,0.038,0.78,11314951343,0.868,0.033,71.4,1284000,15.454166,54,18.732207,1140,0.6,0.564,0.04,15946876,0.707,,0.635,0.0189,3712273
CL,56,Santiago,Chile,CLP,Santiago,Spanish,0.212,122000,12.43,85822,131.91,0.026,26,1.65,0.243,1.03,282318159745,1.014,0.885,6.2,756096,-35.675147,80,-71.542969,13,2,0.322,2.59,18952038,0.626,0.182,0.34,0.0709,16610135
CN,86,Beijing,China,CNY,Shanghai,Standard Chinese,0.562,2695000,10.9,9893038,125.08,0.029,153,1.69,0.224,0.96,19910000000000,1.002,0.506,7.4,9596960,35.86166,77,104.195397,29,0.87,0.324,1.98,1397715000,0.68,0.094,0.592,0.0432,842933962
CO,57,Bogot�,Colombia,COP,Bogot�,Spanish,0.403,481000,14.88,97814,140.95,0.035,46,1.81,0.527,0.68,323802808108,1.145,0.553,12.2,1138910,4.570868,77.1,-74.297333,83,1.23,0.183,2.18,50339443,0.688,0.144,0.712,0.0971,40827302
KM,269,"Moroni, Comoros",Comoros,KMF,"Moroni, Comoros",French,0.715,,31.88,202,103.62,-0.043,467,4.21,0.197,,1185728677,0.995,0.09,51.3,2235,-11.6455,64.1,43.3333,273,0.71,0.748,0.27,850886,0.433,,2.196,0.0434,248152
,242,Brazzaville,Congo,XAF,Brazzaville,French,0.311,12000,32.86,3282,124.74,0.022,16,4.43,0.654,0.97,10820591131,1.066,0.127,36.2,342000,-0.228021,64.3,15.827659,378,0.88,0.438,0.12,5380508,0.694,0.09,0.543,0.0947,3625010
CR,506,San Jos������,Costa Rica,CRC,San Jos������,Spanish,0.345,10000,13.97,8023,128.85,0.021,100,1.75,0.546,0.98,61773944174,1.133,0.552,7.6,51100,9.748917,80.1,-83.753428,27,1.84,0.215,2.89,5047561,0.621,0.136,0.583,0.1185,4041885
HR,385,Zagreb,Croatia,HRK,Zagreb,Croatian,0.276,18000,9,17488,109.82,0.008,73,1.47,0.344,1.26,60415553039,0.965,0.679,4,56594,45.1,78.1,15.2,8,2.92,0.152,3,4067500,0.512,0.22,0.205,0.0693,2328318
CU,53,Havana,Cuba,CUP,Havana,Spanish,0.599,76000,10.17,28284,,,106,1.62,0.313,1.4,100023000000,1.019,0.414,3.7,110860,21.521757,78.7,-77.781167,36,0.05,,8.42,11333483,0.536,,,0.0164,8739135
CY,357,Nicosia,Cyprus,EUR,Statos�������,Greek,0.122,16000,10.46,6626,102.51,0.003,131,1.33,0.187,1.23,24564647935,0.993,0.759,1.9,9251,35.126413,80.8,33.429859,6,,0.439,1.95,1198575,0.631,0.245,0.224,0.0727,800708
CZ,420,Prague,Czech Republic,CZK,Prague,Czech,0.452,23000,10.7,102218,116.48,0.028,139,1.69,0.346,1.17,246489245495,1.007,0.641,2.7,78867,49.817492,79,15.472962,3,3,0.148,4.12,10669709,0.606,0.149,0.461,0.0193,7887156
CD,243,Kinshasa,Dem Rep Congo,CDF,Kinshasa,French,0.116,134000,41.18,2021,133.85,0.029,40,5.92,0.672,1.49,47319624204,1.08,0.066,68.2,2344858,-4.038333,60.4,21.758664,473,0.18,0.374,0.07,86790567,0.635,0.107,0.507,0.0424,39095679
DK,45,Copenhagen,Denmark,DKK,Copenhagen,Danish,0.62,15000,10.6,31786,110.35,0.008,137,1.73,0.147,1.55,348078018464,1.013,0.806,3.6,43094,56.26392,81,9.501785,4,,0.137,4.01,5818553,0.622,0.324,0.238,0.0491,5119978
DJ,253,Djibouti City,Djibouti,DJF,Djibouti City,French,0.734,13000,21.47,620,120.25,0.033,43,2.73,0.002,1.32,3318716359,0.753,0.053,49.8,23200,11.825138,66.6,42.590275,248,,0.204,0.22,973560,0.602,,0.379,0.103,758549
DM,1,Roseau,Dominica,XCD,Roseau,English,0.333,,12,180,103.87,0.01,96,1.9,0.574,,596033333,1.147,0.072,32.9,751,15.414999,76.6,-61.370976,,1.48,0.284,1.08,71808,,0.221,0.326,,50830
DO,1,Santo Domingo,Dominican Republic,DOP,Santo Domingo,Spanish,0.487,71000,19.51,25258,135.5,0.018,225,2.35,0.417,1.07,88941298258,1.057,0.599,24.1,48670,18.735693,73.9,-70.162651,95,0.4,0.437,1.56,10738958,0.643,0.13,0.488,0.0584,8787475
EC,593,Quito,Ecuador,USD,Quito,Spanish,0.222,41000,19.72,41155,124.14,0.003,71,2.43,0.502,0.61,107435665000,1.033,0.449,12.2,283561,-1.831239,76.8,-78.183406,59,2.46,0.437,2.04,17373662,0.68,,0.344,0.0397,11116711
EG,20,Cairo,Egypt,EGP,Cairo,Modern Standard Arabic,0.038,836000,26.38,238560,288.57,0.092,103,3.33,0.001,0.4,303175127598,1.063,0.352,18.1,1001450,26.820553,71.8,30.802498,37,,0.62,0.45,100388073,0.464,0.125,0.444,0.1076,42895824
SV,503,San Salvador,El Salvador,,San Salvador,Spanish,0.764,42000,18.25,7169,111.23,0.001,313,2.04,0.126,0.83,27022640000,0.948,0.294,11.8,21041,13.794185,73.1,-88.89653,46,0.5,0.279,1.57,6453553,0.591,0.181,0.364,0.0411,4694702
GQ,240,Malabo,Equatorial Guinea,XAF,Malabo,Spanish,0.101,1000,33.24,5655,124.35,0.012,50,4.51,0.555,,11026774945,0.618,0.019,62.6,28051,1.650801,58.4,10.267895,301,1.05,0.72,0.4,1355986,0.62,0.061,0.794,0.0643,984812
ER,291,Asmara,Eritrea,ERN,Asmara,Tigrinya,0.752,202000,30.3,711,,,35,4.06,0.149,2,2065001626,0.684,0.034,31.3,117600,15.179384,65.9,39.782334,480,,0.524,0.06,6333135,0.784,,0.837,0.0514,1149670
EE,372,Tallinn,Estonia,EUR,Tallinn,Estonian,0.231,6000,10.9,16590,122.14,0.023,31,1.59,0.513,1.14,31386949981,0.972,0.696,2.1,45228,58.595272,78.2,25.013607,9,3.14,0.228,4.48,1331824,0.636,0.209,0.478,0.0511,916024
,268,Mbabane,Eswatini,,Mbabane,English,,,,,,,67,,,,3791304348,,,,17364,-26.522503,,31.465866,,,0.113,,1093238,,0.286,,,
ET,251,Addis Ababa,Ethiopia,ETB,Addis Ababa,Amharic,0.363,138000,32.34,14870,143.86,0.158,115,4.25,0.125,0.75,96107662398,1.01,0.081,39.1,1104300,9.145,66.2,40.489673,401,,0.378,0.08,112078730,0.796,0.075,0.377,0.0208,23788710
FJ,679,Suva,Fiji,FJD,Suva,Fiji Hindi,0.233,4000,21.28,2046,132.3,0.018,49,2.77,0.559,0.82,5535548972,1.064,0.161,21.6,18274,-17.713371,67.3,178.065032,34,1.28,0.214,0.84,889953,0.576,0.242,0.321,0.041,505048
FI,358,Helsinki,Finland,EUR,Helsinki,Swedish,0.075,25000,8.6,45871,112.33,0.01,18,1.41,0.731,1.45,268761201365,1.002,0.882,1.4,338145,61.92411,81.7,25.748151,3,,0.199,3.81,5520314,0.591,0.208,0.366,0.0659,4716888
FR,33,Paris,France,EUR,Paris,French,0.524,307000,11.3,303276,110.05,0.011,119,1.88,0.312,1.39,2715518274227,1.025,0.656,3.4,643801,46.227638,82.5,2.213749,8,11.16,0.068,3.27,67059887,0.551,0.242,0.607,0.0843,54123364
GA,241,Libreville,Gabon,XAF,Libreville,French,0.2,7000,31.61,5321,122.19,0.021,9,3.97,0.9,0.92,16657960228,1.399,0.083,32.7,267667,-0.803689,66.2,11.609444,252,1.46,0.259,0.68,2172579,0.529,0.102,0.471,0.2,1949694
GM,220,Banjul,The Gambia,GMD,Serekunda,English,0.598,1000,38.54,532,172.73,0.071,239,5.22,0.484,1.18,1763819048,0.98,0.027,39,11300,13.443182,61.7,-15.310139,597,0.13,0.203,0.1,2347706,0.594,0.094,0.484,0.0906,1453958
GE,995,Tbilisi,Georgia,GEL,Tbilisi,Georgian,0.345,26000,13.47,10128,133.61,0.049,57,2.06,0.406,0.76,17743195770,0.986,0.639,8.7,69700,42.315407,73.6,43.356892,25,0.05,0.573,7.12,3720382,0.683,0.217,0.099,0.144,2196476
DE,49,Berlin,Germany,EUR,Berlin,German,0.477,180000,9.5,727973,112.85,0.014,240,1.56,0.327,1.39,3845630030824,1.04,0.702,3.1,357022,51.165691,80.9,10.451526,7,9.99,0.125,4.25,83132799,0.608,0.115,0.488,0.0304,64324835
GH,233,Accra,Ghana,GHS,Accra,English,0.69,16000,29.41,16670,268.36,0.072,137,3.87,0.412,0.92,66983634224,1.048,0.157,34.9,238533,7.946527,63.8,-1.023194,308,0.27,0.361,0.14,30792608,0.678,0.126,0.554,0.0433,17249054
GR,30,Athens,Greece,EUR,Macedonia,Greek,0.476,146000,8.1,62434,101.87,0.002,81,1.35,0.317,1.54,209852761469,0.996,1.366,3.6,131957,39.074208,81.3,21.824312,3,4.46,0.355,5.48,10716322,0.518,0.262,0.519,0.1724,8507474
GD,1,"St. George's, Grenada",Grenada,XCD,"St. George's, Grenada",English,0.235,,16.47,268,107.43,0.008,331,2.06,0.5,1.12,1228170370,1.069,1.046,13.7,349,12.1165,72.4,-61.679,25,,0.57,1.41,112003,,0.194,0.478,,40765
GT,502,Guatemala City,Guatemala,GTQ,Guatemala City,Spanish,0.36,43000,24.56,16777,142.92,0.037,167,2.87,0.327,0.79,76710385880,1.019,0.218,22.1,108889,15.783471,74.1,-90.230759,95,1.6,0.558,0.35,16604026,0.623,0.106,0.352,0.0246,8540945
GN,224,Conakry,Guinea,GNF,Kankan,French,0.59,13000,36.36,2996,262.95,0.095,53,4.7,0.258,0.9,13590281809,0.915,0.116,64.9,245857,9.945587,61.2,-9.696645,576,,0.545,0.08,12771246,0.615,0.108,0.693,0.043,4661505
GW,245,Bissau,Guinea-Bissau,XOF,Bissau,Portuguese,0.58,4000,35.13,293,111.65,0.014,70,4.48,0.698,,1340389411,1.187,0.026,54,36125,11.803749,58,-15.180413,667,0.16,0.372,0.13,1920922,0.72,0.103,0.455,0.0247,840922
GY,592,"Georgetown, Guyana",Guyana,GYD,"Georgetown, Guyana",English,0.086,3000,19.97,2384,116.19,0.021,4,2.46,0.839,0.9,4280443645,0.978,0.116,25.1,214969,4.860416,69.8,-58.93018,169,0.98,0.405,0.8,782766,0.562,,0.306,0.1185,208912
HT,509,Port-au-Prince,Haiti,HTG,Port-au-Prince,French,0.668,0,24.35,2978,179.29,0.125,414,2.94,0.035,0.81,8498981821,1.136,0.011,49.5,27750,18.971187,63.7,-72.285215,480,0.25,0.363,0.23,11263077,0.672,,0.427,0.1378,6328948
,379,Vatican City,Vatican City,EUR,,Italian,,,,,,,2003,,,,,,,,0,41.902916,,12.453389,,,,,836,,,,,
HN,504,Tegucigalpa,Honduras,HNL,Tegucigalpa,Spanish,0.289,23000,21.6,9813,150.34,0.044,89,2.46,0.4,0.98,25095395475,0.915,0.262,15.1,112090,15.199999,75.1,-86.241905,65,1.01,0.491,0.31,9746117,0.688,0.173,0.391,0.0539,5626433
HU,36,Budapest,Hungary,HUF,Budapest,Hungarian,0.584,40000,9.6,45537,121.64,0.033,107,1.54,0.229,1.18,160967157504,1.008,0.485,3.6,93028,47.162494,75.8,19.503304,12,2.62,0.29,3.41,9769949,0.565,0.23,0.379,0.034,6999582
IS,354,Reykjav��,Iceland,ISK,Reykjav��,Icelandic,0.187,0,12,2065,129,0.03,3,1.71,0.005,1.69,24188035739,1.004,0.718,1.5,103000,64.963051,82.7,-19.020835,4,,0.17,4.08,361313,0.75,0.233,0.319,0.0284,339110
IN,91,New Delhi,India,INR,Kurebhar,Hindi,0.604,3031000,17.86,2407672,180.44,0.077,464,2.22,0.238,0.97,2611000000000,1.13,0.281,29.9,3287263,20.593684,69.4,78.96288,145,0.3,0.651,0.86,1366417754,0.493,0.112,0.497,0.0536,471031528
ID,62,Jakarta,Indonesia,IDR,Kalimantan,Indonesian,0.315,676000,18.07,563325,151.18,0.03,151,2.31,0.499,0.63,1119190780753,1.064,0.363,21.1,1904569,-0.789275,71.5,113.921327,177,0.48,0.483,0.43,270203917,0.675,0.102,0.301,0.0469,151509724
IR,98,Tehran,Iran,IRR,Tehran,Persian,0.282,563000,18.78,661710,550.93,0.399,52,2.14,0.066,0.4,445345282123,1.107,0.681,12.4,1648195,32.427908,76.5,53.688046,16,1.58,0.397,1.58,82913906,0.447,0.074,0.447,0.1138,62509623
IQ,964,Baghdad,Iraq,IQD,Baghdad,Arabic,0.214,209000,29.08,190061,119.86,0.004,93,3.67,0.019,0.61,234094042939,1.087,0.162,22.5,438317,33.223191,70.5,43.679291,79,1.24,0.765,0.71,39309783,0.43,0.02,0.308,0.1282,27783368
,353,Dublin,Republic of Ireland,EUR,Connacht,Irish,0.645,9000,12.5,37711,106.58,0.009,72,1.75,0.11,1.37,388698711348,1.009,0.778,3.1,70273,53.41291,82.3,-8.24389,5,10.79,0.152,3.31,5007069,0.621,0.183,0.261,0.0493,3133123
IL,972,Jerusalem,Israel,ILS,Jerusalem,Hebrew,0.246,178000,20.8,65166,108.15,0.008,400,3.09,0.077,1.57,395098666122,1.049,0.634,3,20770,31.046051,82.8,34.851612,3,7.58,0.244,4.62,9053300,0.64,0.231,0.253,0.0386,8374393
IT,39,Rome,Italy,EUR,Rome,Italian,0.432,347000,7.3,320411,110.62,0.006,206,1.29,0.318,1.61,2001244392042,1.019,0.619,2.6,301340,41.87194,82.9,12.56738,2,,0.228,3.98,60297396,0.496,0.243,0.591,0.0989,42651966
JM,1876,"Kingston, Jamaica",Jamaica,JMD,"Kingston, Jamaica",Jamaican English,0.41,4000,16.1,8225,162.47,0.039,273,1.98,0.309,1.11,16458071068,0.91,0.271,12.4,10991,18.109581,74.4,-77.297508,80,1.33,0.237,1.31,2948279,0.66,0.268,0.351,0.08,1650594
JP,81,Tokyo,Japan,,Tokyo,None,0.123,261000,7.4,1135886,105.48,0.005,347,1.42,0.685,1.06,5081769542380,0.988,0.632,1.8,377944,36.204824,84.2,138.252924,5,6.77,0.131,2.41,126226568,0.617,0.119,0.467,0.0229,115782416
JO,962,Amman,Jordan,JOD,Amman,Arabic,0.12,116000,21.98,25108,125.6,0.008,115,2.76,0.011,1.1,43743661972,0.815,0.344,13.9,89342,30.585164,74.4,36.238414,46,1.49,0.251,2.32,10101694,0.393,0.151,0.286,0.1472,9213048
KZ,7,Astana,Kazakhstan,KZT,Almaty,Russian,0.804,71000,21.77,247207,182.75,0.052,7,2.84,0.012,0.42,180161741180,1.044,0.617,8.8,2724900,48.019573,73.2,66.923684,10,0.41,0.388,3.25,18513930,0.688,0.117,0.284,0.0459,10652915
KE,254,Nairobi,Kenya,KES,Nairobi,Swahili,0.485,29000,28.75,17910,180.51,0.047,94,3.49,0.078,0.95,95503088538,1.032,0.115,30.6,580367,-0.023559,66.3,37.906193,342,0.25,0.334,0.16,52573973,0.747,0.151,0.372,0.0264,14461523
KI,686,South Tarawa,Kiribati,AUD,South Tarawa,English,0.42,,27.89,66,99.55,0.006,147,3.57,0.15,,194647202,1.013,,41.2,811,1.8368976,68.1,-157.3768317,92,,0.002,0.2,117606,,0.22,0.327,,64489
KW,965,Kuwait City,Kuwait,KWD,Kuwait City,Modern Standard Arabic,0.084,25000,13.94,98734,126.6,0.011,240,2.08,0.004,0.35,134761198946,0.924,0.544,6.7,17818,29.31166,75.4,47.481766,12,0.95,0.144,2.58,4207083,0.735,0.014,0.13,0.0218,4207083
KG,996,Bishkek,Kyrgyzstan,KGS,Bishkek,Russian,0.55,21000,27.1,9787,155.68,0.011,34,3.3,0.033,0.56,8454619608,1.076,0.413,16.9,199951,41.20438,71.4,74.766098,60,0.09,0.482,1.88,6456900,0.598,0.18,0.29,0.0633,2362644
LA,856,Vientiane,Laos,LAK,Vientiane,Lao,0.103,129000,23.55,17763,135.87,0.033,32,2.67,0.821,0.93,18173839128,1.024,0.15,37.6,236800,19.85627,67.6,102.495496,185,0.83,0.454,0.37,7169455,0.785,0.129,0.241,0.0063,2555552
LV,371,Riga,Latvia,EUR,Riga,Latvian,0.311,6000,10,7004,116.86,0.028,30,1.6,0.54,1.16,34117202555,0.994,0.881,3.3,64589,56.879635,74.7,24.603189,19,2.8,0.416,3.19,1912789,0.614,0.229,0.381,0.0652,1304943
LB,961,Beirut,Lebanon,LBP,"Tripoli, Lebanon",Arabic,0.643,80000,17.55,24796,130.02,0.03,667,2.09,0.134,0.74,53367042272,0.951,0.263,6.4,10400,33.854721,78.9,35.862285,29,2.15,0.321,2.1,6855713,0.47,0.153,0.322,0.0623,6084994
LS,266,Maseru,Lesotho,,Maseru,English,0.776,2000,26.81,2512,155.86,0.052,71,3.14,0.016,0.7,2460072444,1.209,0.102,65.7,30355,-29.609988,53.7,28.233608,544,0.41,0.169,0.07,2125268,0.679,0.316,0.136,0.2341,607508
LR,231,Monrovia,Liberia,,Monrovia,English,0.28,2000,33.04,1386,223.13,0.236,53,4.32,0.431,0.8,3070518100,0.851,0.119,53.5,111369,6.428055,63.7,-9.429499,661,0.17,0.196,0.04,4937374,0.763,0.129,0.462,0.0281,2548426
LY,218,,Libya,LYD,,Arabic,0.087,0,18.83,50564,125.71,0.026,4,2.24,0.001,0.11,52076250948,1.09,0.605,10.2,1759540,26.3351,72.7,17.228331,72,1.88,0.367,2.09,6777452,0.497,,0.326,0.1856,5448597
LI,423,Vaduz,Liechtenstein,CHF,Schaan,German,0.322,,9.9,51,,,238,1.44,0.431,1.74,6552858739,1.047,0.356,,160,47.1410392,83,9.520935,,,,,38019,,,0.216,,5464
LT,370,Vilnius,Lithuania,EUR,Vilnius,Lithuanian,0.472,34000,10,12963,118.38,0.023,43,1.63,0.348,1.16,54219315600,1.039,0.724,3.3,65300,55.169438,75.7,23.881275,8,2.41,0.321,6.35,2786844,0.616,0.169,0.426,0.0635,1891013
LU,352,Luxembourg City,Luxembourg,EUR,Luxembourg City,Luxembourgish,0.537,2000,10.3,8988,115.09,0.017,242,1.37,0.357,1.19,71104919108,1.023,0.192,1.9,2586,49.815273,82.1,6.129583,5,13.05,0.106,3.01,645397,0.593,0.265,0.204,0.0536,565488
MG,261,Antananarivo,Madagascar,MGA,Antananarivo,French,0.712,22000,32.66,3905,184.33,0.056,48,4.08,0.214,1.11,14083906357,1.425,0.054,38.2,587041,-18.766947,66.7,46.869107,335,0.21,0.217,0.18,26969307,0.861,0.102,0.383,0.0176,10210849
MW,265,Lilongwe,Malawi,MWK,Lilongwe,English,0.614,15000,34.12,1298,418.34,0.094,203,4.21,0.332,1.15,7666704427,1.425,0.008,35.3,118484,-13.254308,63.8,34.301525,349,0.12,0.11,0.04,18628747,0.767,0.173,0.345,0.0565,3199301
MY,60,Kuala Lumpur,Malaysia,MYR,Johor Bahru,Malaysian language,0.263,136000,16.75,248289,121.46,0.007,99,2,0.676,0.45,364701517788,1.053,0.451,6.7,329847,4.210484,76,101.975766,29,0.93,0.367,1.51,32447385,0.643,0.12,0.387,0.0332,24475766
MV,960,Mal�,Maldives,,Mal�,Divehi,0.263,5000,14.2,1445,99.7,0.002,1802,1.87,0.033,1.63,5729248472,0.971,0.312,7.4,298,3.202778,78.6,73.22068,53,,0.164,4.56,530953,0.698,0.195,0.302,0.0614,213645
ML,223,Bamako,Mali,XOF,Bamako,French,0.338,18000,41.54,3179,108.73,-0.017,17,5.88,0.038,1.12,17510141171,0.756,0.045,62,1240192,17.570692,58.9,-3.996166,562,0.23,0.463,0.13,19658031,0.708,0.116,0.545,0.0722,8479688
MT,356,Valletta,Malta,EUR,Birkirkara,Maltese,0.324,2000,9.2,1342,113.45,0.016,1380,1.23,0.011,1.36,14786156563,1.05,0.543,6.1,316,35.937496,82.3,14.375416,6,5.07,0.371,2.86,502653,0.565,0.262,0.44,0.0347,475902
MH,692,Majuro,Marshall Islands,USD,Majuro,Marshallese,0.639,,29.03,143,,,329,4.05,0.702,1.44,221278000,0.847,0.237,27.4,181,7.131474,65.2,171.184478,,2,0.1,0.42,58791,,0.178,0.659,,45514
MR,222,Nouakchott,Mauritania,MRU,Nouakchott,Arabic,0.385,21000,33.69,2739,135.02,0.023,5,4.56,0.002,1.13,7593752450,0.999,0.05,51.5,1030700,21.00789,64.7,-10.940835,766,0.53,0.482,0.19,4525696,0.459,,0.67,0.0955,2466821
MU,230,Port Louis,Mauritius,MUR,Port Louis,French,0.424,3000,10.2,4349,129.91,0.004,626,1.41,0.19,1.12,14180444557,1.011,0.406,13.6,2040,-20.348404,74.4,57.552152,61,0.38,0.507,2.53,1265711,0.583,0.191,0.222,0.0667,515980
MX,52,Mexico City,Mexico,MXN,Mexico City,None,0.546,336000,17.6,486406,141.54,0.036,66,2.13,0.339,0.73,1258286717125,1.058,0.402,11,1964375,23.634501,75,-102.552784,33,0.49,0.414,2.38,126014024,0.607,0.131,0.551,0.0342,102626859
FM,691,Palikir,Federated States of Micronesia,USD,Palikir,English,0.314,,22.82,143,112.1,0.005,784,3.05,0.919,,401932279,0.972,0.141,25.6,702,7.425554,67.8,150.550812,88,,0.025,0.18,113815,,0.252,0.605,,25963
MD,373,Chi����,Moldova,MDL,Chi����,Romanian,0.742,7000,10.1,5115,166.2,0.048,123,1.26,0.126,0.8,11955435457,0.906,0.398,13.6,33851,47.411631,71.8,28.369885,19,0.31,0.462,3.21,2657637,0.431,0.177,0.387,0.0547,1135502
MC,377,Monaco City,Monaco,EUR,Monaco City,French,,,5.9,,,,26337,,,2,7184844193,,,2.6,2,43.7384176,,7.4246158,,11.72,0.061,6.56,38964,,,,,38964
MN,976,Ulaanbaatar,Mongolia,MNT,Ulaanbaatar,Mongolian,0.715,18000,24.13,25368,195.76,0.073,2,2.9,0.08,0.72,13852850259,1.04,0.656,14,1564116,46.862496,69.7,103.846656,45,0.65,0.393,2.86,3225167,0.597,0.168,0.257,0.0601,2210626
ME,382,Podgorica,Montenegro,EUR,Podgorica,Montenegrin language,0.19,12000,11.73,2017,116.32,0.026,47,1.75,0.615,1.16,5494736901,1,0.561,2.3,13812,42.708678,76.8,19.37439,6,1.23,0.318,2.76,622137,0.544,,0.222,0.1488,417765
MA,212,Rabat,Morocco,MAD,Casablanca,Arabic,0.685,246000,18.94,61276,111.07,0.002,83,2.42,0.126,0.99,118725279596,1.139,0.359,19.2,446550,31.791702,76.5,-7.09262,70,1.6,0.531,0.73,36910560,0.453,0.219,0.458,0.0902,22975026
MZ,258,Maputo,Mozambique,MZN,Maputo,Portuguese,0.635,11000,37.52,7943,182.31,0.028,40,4.85,0.48,0.65,14934159926,1.126,0.073,54,799380,-18.665695,60.2,35.529562,289,0.27,0.068,0.08,30366036,0.781,0,0.361,0.0324,11092106
MM,95,Naypyidaw,Myanmar,MMK,Yangon,Burmese,0.195,513000,17.55,25280,168.18,0.088,83,2.15,0.436,0.54,76085852617,1.123,0.188,36.8,676578,21.916221,66.9,95.955974,250,0.39,0.739,0.68,54045420,0.617,0.054,0.312,0.0158,16674093
,264,Windhoek,Namibia,,Windhoek,English,0.471,16000,28.64,4228,157.97,0.037,3,3.4,0.083,0.76,12366527719,1.242,0.229,29,824292,-22.95764,63.4,18.49041,195,,0.083,0.42,2494530,0.595,0.271,0.207,0.2027,1273258
NR,674,Yaren District,Nauru,AUD,,English,,,,,,,541,,,,133000000,,,,21,-0.522778,,166.931503,,,,,10084,,,,,
NP,977,Kathmandu,Nepal,NPR,Kathmandu,Nepali,0.287,112000,19.89,9105,188.73,0.056,203,1.92,0.254,0.91,30641380604,1.421,0.124,26.7,147181,28.394857,70.5,84.124008,186,0.36,0.604,0.75,28608710,0.838,0.207,0.418,0.0141,5765513
NL,31,Amsterdam,Netherlands,,Amsterdam,Dutch,0.533,41000,9.7,170780,115.91,0.026,508,1.59,0.112,1.68,909070395161,1.042,0.85,3.3,41543,52.132633,81.8,5.291266,5,10.29,0.123,3.61,17332850,0.636,0.23,0.412,0.032,15924729
NZ,64,Wellington,New Zealand,NZD,Auckland,English,0.405,9000,11.98,34382,114.24,0.016,18,1.71,0.386,1.4,206928765544,1,0.82,4.7,268838,-40.900557,81.9,174.885971,9,11.49,0.126,3.59,4841000,0.699,0.29,0.346,0.0407,4258860
NI,505,Managua,Nicaragua,NIO,Managua,Spanish,0.421,12000,20.64,5592,162.74,0.054,55,2.4,0.259,0.91,12520915291,1.206,0.174,15.7,130370,12.865416,74.3,-85.207229,98,0.54,0.36,0.98,6545502,0.664,0.156,0.606,0.0684,3846137
NE,227,Niamey,Niger,XOF,Niamey,French,0.361,10000,46.08,2017,109.32,-0.025,19,6.91,0.009,0.88,12928145120,0.747,0.044,48,1267000,17.607789,62,8.081666,509,0.29,0.523,0.04,23310715,0.72,0.118,0.472,0.0047,3850231
NG,234,Abuja,Nigeria,NGN,Lagos,English,0.777,215000,37.91,120369,267.51,0.114,226,5.39,0.072,0.46,448120428859,0.847,0.102,75.7,923768,9.081999,54.3,8.675277,917,0.54,0.722,0.38,200963599,0.529,0.015,0.348,0.081,102806948
KP,850,Pyongyang,North Korea,KPW,Pyongyang,Korean,0.218,1469000,13.89,28284,,,214,1.9,0.407,0.58,32100000000,1.128,0.27,13.7,120538,40.339852,72.1,127.510093,89,,,3.67,25666161,0.804,,,0.0274,15947412
,389,Skopje,North Macedonia,MKD,Skopje,Macedonian,,,,,,,83,,,,10220781069,,,,25713,41.608635,,21.745275,,,0.356,,1836713,,,,,
NO,47,Oslo,Norway,NOK,Oslo,Norwegian,0.027,23000,10.4,41023,120.27,0.022,15,1.56,0.332,1.78,403336363636,1.003,0.82,2.1,323802,60.472024,82.8,8.468946,2,,0.143,2.92,5347896,0.638,0.239,0.362,0.0335,4418218
OM,968,Muscat,Oman,OMR,Seeb,Arabic,0.046,47000,19.19,63457,113.53,0.001,16,2.89,0,0.45,76983094928,1.034,0.38,9.8,309500,21.4735329,77.6,55.975413,19,4.33,0.064,2,5266535,0.724,0.025,0.274,0.0267,4250777
PK,92,Islamabad,Pakistan,PKR,Karachi,Urdu,0.478,936000,28.25,201150,182.32,0.106,287,3.51,0.019,0.79,304400000000,0.943,0.09,57.2,796095,30.375321,67.1,69.345116,140,0.69,0.665,0.98,216565318,0.526,0.092,0.339,0.0445,79927762
PW,680,Ngerulmud,Palau,USD,Koror,English,0.109,,14,224,118.17,0.013,39,2.21,0.876,,283994900,1.126,0.547,16.6,459,7.51498,69.1,134.58252,,3,0.218,1.18,18233,,0.213,0.766,,14491
,,,Palestinian National Authority,,,Arabic,,,,,,,847,,,,,,,,,31.952162,,35.233154,,,,,,,,,,
PA,507,Panama City,Panama,,Panama City,Spanish,0.304,26000,18.98,10715,122.07,-0.004,58,2.46,0.619,0.74,66800800000,0.944,0.478,13.1,75420,8.537981,78.3,-80.782127,52,1.53,0.305,1.57,4246439,0.666,,0.372,0.039,2890084
PG,675,Port Moresby,Papua New Guinea,PGK,Port Moresby,Tok Pisin,0.026,4000,27.07,7536,155.99,0.036,20,3.56,0.741,1.36,24969611435,1.085,0.018,38,462840,-6.314993,64.3,143.95555,145,1.16,0.058,0.07,8776109,0.472,0.136,0.371,0.0246,1162834
PY,595,Asunci��,Paraguay,PYG,Ciudad del Este,Spanish,0.551,27000,20.57,7407,143.82,0.028,18,2.43,0.377,1.04,38145288940,1.044,0.346,17.2,406752,-23.442503,74.1,-58.443832,129,1.55,0.365,1.35,7044636,0.721,0.1,0.35,0.0481,4359150
PE,51,Lima,Peru,PEN,Lima,Spanish,0.185,158000,17.95,57414,129.78,0.021,26,2.25,0.577,0.99,226848050820,1.069,0.707,11.1,1285216,-9.189967,76.5,-75.015152,88,1.28,0.309,1.27,32510453,0.776,0.143,0.368,0.0331,25390339
PH,63,Manila,Philippines,PHP,Manila,English,0.417,153000,20.55,122287,129.61,0.025,368,2.58,0.278,0.86,376795508680,1.075,0.355,22.5,300000,12.879721,71.1,121.774017,121,1.12,0.535,0.6,108116615,0.596,0.14,0.431,0.0215,50975903
PL,48,Warsaw,Poland,PLN,Warsaw,Polish,0.469,191000,10.2,299037,114.11,0.022,124,1.46,0.309,1.07,592164400688,1,0.678,3.8,312685,51.919438,77.6,19.145136,2,2.93,0.232,2.38,37970874,0.567,0.174,0.408,0.0347,22796574
PT,351,Lisbon,Portugal,EUR,Lisbon,Portuguese,0.395,52000,8.5,48742,110.62,0.003,111,1.38,0.346,1.54,237686075635,1.062,0.639,3.1,92212,39.399872,81.3,-8.224454,8,3.78,0.277,5.12,10269417,0.588,0.228,0.398,0.0633,6753579
QA,974,Doha,Qatar,QAR,Doha,Arabic,0.058,22000,9.54,103259,115.38,-0.007,248,1.87,0,0.4,183466208791,1.038,0.179,5.8,11586,25.354826,80.1,51.183884,9,,0.062,2.49,2832067,0.868,0.147,0.113,0.0009,2809071
RO,40,Bucharest,Romania,RON,Bucharest,Romanian,0.588,126000,9.6,69259,123.78,0.038,84,1.71,0.301,1.16,250077444017,0.852,0.494,6.1,238391,45.943161,75.4,24.96676,19,2.25,0.213,2.98,19356544,0.547,0.146,0.2,0.0398,10468793
RU,7,Moscow,Russia,RUB,Moscow,Russian,0.133,1454000,11.5,1732027,180.75,0.045,9,1.57,0.498,0.59,1699876578871,1.026,0.819,6.1,17098240,61.52401,72.7,105.318756,17,0.53,0.364,4.01,144373535,0.618,0.114,0.462,0.0459,107683889
RW,250,Kigali,Rwanda,RWF,Kigali,Swahili,0.734,35000,31.7,1115,151.09,0.034,525,4.04,0.197,1.17,10122472590,1.33,0.067,27,26338,-1.940278,68.7,29.873888,248,,0.26,0.13,12626950,0.837,0.143,0.332,0.0103,2186104
KN,1,Basseterre,Saint Kitts and Nevis,XCD,Basseterre,English,0.231,,12.6,238,104.57,-0.01,205,2.11,0.423,,1050992593,1.087,0.867,9.8,261,17.357822,71.3,-62.782998,,3.33,0.566,2.52,52823,,0.185,0.497,,16269
LC,1,Castries,Saint Lucia,XCD,Castries,English,0.174,,12,414,110.13,0.019,301,1.44,0.332,1.3,2122450630,1.026,0.141,14.9,616,13.909444,76.1,-60.978893,117,,0.484,0.64,182790,0.671,0.182,0.347,0.2071,34280
VC,1,Kingstown,Saint Vincent and the Grenadines,XCD,Calliaqua,English,0.256,,14.24,220,109.67,0.023,284,1.89,0.692,,825385185,1.134,0.237,14.8,389,12.984305,72.4,-61.287228,68,1.16,0.214,0.66,100455,0.659,0.254,0.37,0.1888,58185
WS,685,Apia,Samoa,WST,Apia,Samoan,0.124,,24.38,246,117.56,0.01,70,3.88,0.604,0.91,850655017,1.105,0.076,13.6,2831,-13.759029,73.2,-172.104629,43,0.78,0.115,0.34,202506,0.437,0.255,0.193,0.0836,35588
SM,378,City of San Marino,San Marino,EUR,City of San Marino,Italian,0.167,,6.8,,110.63,0.01,566,1.26,0,,1637931034,1.081,0.425,1.7,61,43.94236,85.4,12.457777,,,0.183,6.11,33860,,0.181,0.362,,32969
ST,239,S����,S�����������,STN,S����,,0.507,1000,31.54,121,185.09,0.079,228,4.32,0.558,,429016605,1.068,0.134,24.4,964,,70.2,,130,,0.117,0.05,215056,0.578,0.146,0.37,0.1337,158277
SA,966,Riyadh,Saudi Arabia,SAR,Riyadh,Arabic,0.808,252000,17.8,563449,118.4,-0.012,16,2.32,0.005,0.24,792966838162,0.998,0.68,6,2149690,23.885942,75,45.079162,17,3.85,0.15,2.61,34268528,0.559,0.089,0.157,0.0593,28807838
SN,221,Dakar,Senegal,XOF,Pikine,French,0.461,19000,34.52,10902,109.25,0.018,87,4.63,0.428,1.14,23578084052,0.81,0.128,31.8,196722,14.497401,67.7,-14.452362,315,0.31,0.442,0.07,16296364,0.457,0.163,0.448,0.066,7765706
RS,381,Belgrade,Serbia,RSD,Belgrade,Serbian,0.393,32000,9.2,45221,144,0.018,100,1.49,0.311,1.16,51409167351,1.003,0.672,4.8,77474,44.016521,75.5,21.005859,12,1.57,0.406,3.11,6944975,0.549,0.186,0.366,0.1269,3907243
SC,248,"Victoria, Seychelles",Seychelles,SCR,"Victoria, Seychelles",French,0.034,0,17.1,605,129.96,0.018,214,2.41,0.884,,1698843063,1.004,0.171,12.4,455,-4.679574,72.8,55.491977,53,2,0.025,0.95,97625,,0.341,0.301,,55762
SL,232,Freetown,Sierra Leone,SLL,Freetown,English,0.547,9000,33.41,1093,234.16,0.148,111,4.26,0.431,1.08,3941474311,1.128,0.02,78.5,71740,8.460555,54.3,-11.779889,1120,0.57,0.382,0.03,7813215,0.579,0.086,0.307,0.0443,3319366
SG,65,,Singapore,SGD,,Malay,0.009,81000,8.8,37535,114.41,0.006,8358,1.14,0.231,1.25,372062527489,1.006,0.848,2.3,716,1.352083,83.1,103.819836,8,,0.367,2.29,5703569,0.705,0.131,0.21,0.0411,5703569
SK,421,Bratislava,Slovakia,EUR,Bratislava,Slovak,0.392,16000,10.6,32424,115.34,0.027,114,1.52,0.404,1.32,105422304976,0.987,0.466,4.6,49035,48.669026,77.2,19.699024,5,3.11,0.184,3.42,5454073,0.595,0.187,0.497,0.0556,2930419
SI,386,Ljubljana,Slovenia,EUR,Ljubljana,Slovene language,0.307,7000,9.4,12633,111.05,0.016,103,1.6,0.62,1.32,53742159517,1.004,0.786,1.7,20273,46.151241,81,14.995463,7,5.25,0.125,3.09,2087946,0.584,0.186,0.31,0.042,1144654
SB,677,Honiara,Solomon Islands,SBD,Honiara,English,0.039,,32.44,169,133.06,0.016,25,4.4,0.779,,1425074226,1.062,,17.1,28896,-9.64571,72.8,160.156194,104,0.4,0.033,0.19,669823,0.838,0.295,0.32,0.0058,162164
SO,252,Mogadishu,Somaliland,SOS,Bosaso,Arabic,0.703,20000,41.75,645,,,25,6.07,0.1,1.41,4720727278,0.234,0.025,76.6,637657,5.152149,57.1,46.199616,829,,,0.02,15442905,0.474,0,,0.1135,7034861
ZA,27,Pretoria,South Africa,ZAR,Johannesburg,Afrikaans,0.798,80000,20.51,476644,158.93,0.041,49,2.41,0.076,0.92,351431649241,1.009,0.224,28.5,1219090,-30.559482,63.9,22.937506,119,,0.077,0.91,58558270,0.56,0.275,0.292,0.2818,39149717
KR,82,Seoul,South Korea,KRW,Seoul,Korean,0.174,634000,6.4,620302,115.16,0.004,527,0.98,0.634,1.22,2029000000000,0.981,0.943,2.7,99720,35.907757,82.6,127.766922,11,6.49,0.368,2.36,51709098,0.63,0.156,0.332,0.0415,42106719
SS,211,Juba,S. Sudan,SSP,Juba,English,,185000,35.01,1727,4583.71,1.879,18,4.7,,0.28,11997800751,0.73,,63.7,644329,6.8769919,57.6,31.3069788,1150,,0.613,,11062113,0.724,,0.314,0.1224,2201250
ES,34,Madrid,Spain,EUR,Madrid,Spanish,0.526,196000,7.9,244002,110.96,0.007,94,1.26,0.369,1.26,1394116310769,1.027,0.889,2.5,505370,40.463667,83.3,-3.74922,4,5.6,0.242,3.87,47076781,0.575,0.142,0.47,0.1396,37927409
LK,94,Colombo,Sri Lanka,LKR,Colombo,Tamil,0.437,317000,15.83,23362,155.53,0.035,341,2.2,0.329,0.88,84008783756,1.002,0.196,6.4,65610,7.873054,76.8,80.771797,36,0.35,0.384,1,21803000,0.539,0.119,0.552,0.042,4052088
SD,249,Khartoum,Sudan,SDG,Omdurman,Arabic,0.287,124000,32.18,20000,1344.19,0.51,25,4.41,0.081,0.95,18902284476,0.768,0.169,42.1,1861484,12.862807,65.1,30.217636,295,0.41,0.632,0.26,42813238,0.484,0.08,0.454,0.1653,14957233
SR,597,Paramaribo,Suriname,SRD,Paramaribo,Dutch,0.006,2000,18.54,1738,294.66,0.22,4,2.42,0.983,1.29,3985250737,1.088,0.126,16.9,163820,3.919305,71.6,-56.027783,120,,0.101,1.21,581372,0.511,0.195,0.279,0.0733,384258
SE,46,Stockholm,Sweden,SEK,S�����,Swedish,0.074,30000,11.4,43252,110.51,0.018,25,1.76,0.689,1.42,530832908738,1.266,0.67,2.2,450295,60.128161,82.5,18.643501,4,,0.152,3.98,10285453,0.646,0.279,0.491,0.0648,9021165
CH,41,Bern,Switzerland,CHF,Z���,German,0.384,21000,10,34477,99.55,0.004,219,1.52,0.318,1.45,703082435360,1.052,0.596,3.7,41277,46.818188,83.6,8.227512,5,,0.283,4.3,8574832,0.683,0.101,0.288,0.0458,6332428
SY,963,Damascus,Syria,SYP,Damascus,Arabic,0.758,239000,23.69,28830,143.2,0.367,95,2.81,0.027,0.83,40405006007,0.817,0.401,14,185180,34.802075,71.8,38.996815,31,1.02,0.537,1.22,17070135,0.441,0.142,0.427,0.0837,9358019
TJ,992,Dushanbe,Tajikistan,TJS,Dushanbe,Persian,0.341,17000,30.76,5310,148.57,0.06,68,3.59,0.03,0.71,8116626794,1.009,0.313,30.4,144100,38.861034,70.9,71.276093,17,0.23,0.631,1.7,9321018,0.42,0.098,0.673,0.1102,2545477
TZ,255,Dodoma,Tanzania,TZS,Dar es Salaam,Swahili,0.448,28000,36.7,11973,187.43,0.035,67,4.89,0.516,0.87,63177068175,0.942,0.04,37.6,947300,-6.369028,65,34.888822,524,0.09,0.261,0.01,58005463,0.834,0.115,0.438,0.0198,20011885
TH,66,Bangkok,Thailand,THB,Bangkok,Thai,0.433,455000,10.34,283763,113.27,0.007,137,1.53,0.322,0.71,543649976166,0.998,0.493,7.8,513120,15.870032,76.9,100.992541,37,1.06,0.118,0.81,69625582,0.673,0.149,0.295,0.0075,35294600
TL,670,Dili,East Timor,USD,Dili,Portuguese,0.256,2000,29.42,495,145.38,0.026,89,4.02,0.454,1.1,1673540300,1.153,0.178,39.3,14874,-8.874217,69.3,125.727539,142,0.6,0.102,0.72,3500000,0.673,0.25,0.173,0.0455,400182
TG,228,Lom�,Togo,XOF,Lom�,French,0.702,10000,33.11,3000,113.3,0.007,152,4.32,0.031,0.71,5459979417,1.238,0.145,47.4,56785,8.619543,60.8,0.824782,396,0.34,0.51,0.08,8082366,0.776,0.169,0.482,0.0204,3414638
TO,676,Nuku����,Tonga,TOP,Nuku����,Tongan Language,0.458,,24.3,128,121.09,0.074,147,3.56,0.125,,450353314,1.163,0.064,13.4,747,-21.178986,70.8,-175.198242,52,,0.102,0.52,100209,0.598,0.223,0.275,0.0112,24145
TT,1,Port of Spain,Trinidad and Tobago,TTD,Chaguanas,English,0.105,4000,12.94,43868,141.75,0.01,273,1.73,0.46,0.54,24100202834,1.062,0.12,16.4,5128,10.691803,73.4,-61.222503,67,2.25,0.373,4.17,1394973,0.6,0.195,0.405,0.0269,741944
TN,216,Tunis,Tunisia,TND,Tunis,Arabic,0.648,48000,17.56,29937,155.33,0.067,76,2.2,0.068,0.73,38797709924,1.154,0.317,14.6,163610,33.886917,76.5,9.537499,43,0.47,0.398,1.3,11694719,0.461,0.211,0.607,0.1602,8099061
TR,90,Ankara,Turkey,TRY,Istanbul,Turkish,0.498,512000,16.03,372725,234.44,0.152,110,2.07,0.154,1.42,754411708203,0.932,0.239,9.1,783562,38.963745,77.4,35.243322,17,3.45,0.169,1.85,83429615,0.528,0.179,0.423,0.1349,63097818
TM,993,Ashgabat,Turkmenistan,TMT,Ashgabat,Turkmen,0.72,42000,23.83,70630,,,13,2.79,0.088,0.29,40761142857,0.884,0.08,39.3,488100,38.969719,68.1,59.556278,7,0.88,0.711,2.22,5942089,0.645,,,0.0391,3092738
TV,688,Funafuti,Tuvalu,AUD,Singapore,Tuvaluan Language,0.6,,,11,,,393,,0.333,,47271463,0.86,,20.6,26,-7.109535,,177.64933,,,0.007,0.92,11646,,,,,7362
UG,256,Kampala,Uganda,UGX,Buganda,Swahili,0.719,46000,38.14,5680,173.87,0.029,229,4.96,0.097,0.94,34387229486,1.027,0.048,33.8,241038,1.373333,63,32.290275,375,0.01,0.405,0.17,44269594,0.703,0.117,0.337,0.0184,10784516
UA,380,Kyiv,Ukraine,UAH,Kyiv,Ukrainian,0.717,297000,8.7,202250,281.66,0.079,75,1.3,0.167,0.83,153781069118,0.99,0.827,7.5,603550,48.379433,71.6,31.16558,19,0.84,0.478,2.99,44385155,0.542,0.201,0.452,0.0888,30835699
AE,971,Abu Dhabi,United Arab Emirates,AED,Dubai,Arabic,0.055,63000,10.33,206324,114.52,-0.019,118,1.41,0.046,0.49,421142267938,1.084,0.368,6.5,83600,23.424076,77.8,53.847818,3,,0.178,2.53,9770529,0.821,0.001,0.159,0.0235,8479744
GB,44,London,United Kingdom,GBP,London,English,0.717,148000,11,379025,119.62,0.017,281,1.68,0.131,1.46,2827113184696,1.012,0.6,3.6,243610,55.378051,81.3,-3.435973,7,10.13,0.148,2.81,66834405,0.628,0.255,0.306,0.0385,55908316
US,1,"Washington, D.C.",United States of America,USD,New York City,None,0.444,1359000,11.6,5006302,117.24,0.075,36,1.73,0.339,0.71,21427700000000,1.018,0.882,5.6,9833517,37.09024,78.5,-95.712891,19,7.25,0.111,2.61,328239523,0.62,0.096,0.366,0.147,270663028
UY,598,Montevideo,Uruguay,UYU,Montevideo,Spanish,0.826,22000,13.86,6766,202.92,0.079,20,1.97,0.107,1.5,56045912952,1.085,0.631,6.4,176215,-32.522779,77.8,-55.765835,17,1.66,0.162,5.05,3461734,0.64,0.201,0.418,0.0873,3303394
UZ,998,Tashkent,Uzbekistan,UZS,Tashkent,Uzbek,0.629,68000,23.3,91811,,,79,2.42,0.075,1.03,57921286440,1.042,0.101,19.1,447400,41.377491,71.6,64.585262,29,0.24,0.427,2.37,33580650,0.651,0.148,0.316,0.0592,16935729
VU,678,Port Vila,Vanuatu,VUV,Port Vila,French,0.153,,29.6,147,117.13,0.028,25,3.78,0.361,1.31,917058851,1.093,0.047,22.3,12189,-15.376706,70.3,166.959158,72,1.56,0.089,0.17,299882,0.699,0.178,0.085,0.0439,76152
VE,58,Caracas,Venezuela,VED,Caracas,Spanish,0.245,343000,17.88,164175,2740.27,2.549,32,2.27,0.527,0,482359318768,0.972,0.793,21.4,912050,6.42375,72.1,-66.58973,125,0.01,0.458,1.92,28515829,0.597,,0.733,0.088,25162368
VN,84,Hanoi,Vietnam,VND,Ho Chi Minh City,Vietnamese,0.393,522000,16.75,192668,163.52,0.028,314,2.05,0.481,0.8,261921244843,1.106,0.285,16.5,331210,14.058324,75.3,108.277199,43,0.73,0.435,0.82,96462106,0.774,0.191,0.376,0.0201,35332140
YE,967,Sanaa,Yemen,YER,Sanaa,Arabic,0.446,40000,30.45,10609,157.58,0.081,56,3.79,0.01,0.92,26914402224,0.936,0.102,42.9,527968,15.552727,66.1,48.516388,164,,0.81,0.31,29161922,0.38,,0.266,0.1291,10869523
ZM,260,Lusaka,Zambia,ZMW,Lusaka,English,0.321,16000,36.19,5141,212.31,0.092,25,4.63,0.652,1.4,23064722446,0.987,0.041,40.4,752618,-13.133897,63.5,27.849332,213,0.24,0.275,1.19,17861030,0.746,0.162,0.156,0.1143,7871713
ZW,263,Harare,Zimbabwe,,Harare,Shona,0.419,51000,30.68,10983,105.51,0.009,38,3.62,0.355,1.34,21440758800,1.099,0.1,33.9,390757,-19.015438,61.2,29.154857,458,,0.258,0.21,14645468,0.831,0.207,0.316,0.0495,4717305